{"cameraMode":{"drawMode":0,"name":"Shaded","section":"Shading Mode"},"sceneLighting":true,"audioPlay":false,"sceneViewState":{"m_AlwaysRefresh":false,"showFog":true,"showSkybox":true,"showFlares":true,"showImageEffects":true,"showParticleSystems":true,"showVisualEffectGraphs":true,"m_FxEnabled":true},"in2DMode":false,"pivot":{"x":-9.977274894714356,"y":5.323828220367432,"z":11.826685905456543},"rotation":{"x":-0.005705324467271566,"y":-0.09909168630838394,"z":-0.0001509558642283082,"w":0.9952574372291565},"size":21.190412521362306,"orthographic":false}