{"cameraMode":{"drawMode":0,"name":"Shaded","section":"Shading Mode"},"sceneLighting":false,"audioPlay":false,"sceneViewState":{"m_AlwaysRefresh":false,"showFog":true,"showSkybox":false,"showFlares":true,"showImageEffects":true,"showParticleSystems":true,"showVisualEffectGraphs":true,"m_FxEnabled":true},"in2DMode":false,"pivot":{"x":-1.5770803689956666,"y":1.0615109205245972,"z":0.13196349143981934},"rotation":{"x":-0.016196561977267267,"y":-0.02068781852722168,"z":0.000091441826953087,"w":0.9997867345809937},"size":1.8721122741699219,"orthographic":false}